unit,ch_16,ch_50,ch_32,ch_18,ch_84,ch_86,ch_122,ch_114,ch_87,ch_28
1,8.90769230769231,2.32173913043478,2.59288537549407,9.97543859649123,1.54444444444444,2.31481481481481,4.7,2.14906832298137,7.33653846153846,1.93846153846154
2,1,0.55952380952381,1.02,1.06666666666667,0.976190476190476,1.28181818181818,1.03703703703704,4.83333333333333,1.22981366459627,1.03846153846154
3,7.83058470764618,7.12931034482759,6.10079575596817,10.2572944297082,4.44666666666667,2.62260869565217,7.1474358974359,25.1171428571429,2.03021978021978,3.70952380952381
4,17.1067538126362,5.08373590982287,4.60416666666667,12.3149350649351,1.83793103448276,2.27272727272727,5.31944444444444,10.4064171122995,5.32142857142857,2.45104895104895
5,10.0393518518519,7.78307692307692,9.36363636363636,9.52307692307692,1.28947368421053,1.63939393939394,2.00207039337474,0.976086956521739,2.55555555555556,3.39166666666667
6,6.40454545454545,7.51714285714286,9.91666666666667,4.83805668016194,1.6087962962963,1.83630952380952,1.50961538461538,0.807692307692308,2.58333333333333,2.075
7,5.33703703703704,8.37931034482759,15.7896551724138,13.3218390804598,4.72158365261814,3.71428571428571,1.53076923076923,3.49285714285714,14.9100985221675,10.8701149425287
8,1.9,2.95238095238095,4.52107279693487,5.05679513184584,2.24655172413793,2.80128205128205,1.31465517241379,1.60714285714286,25.6949891067538,2.10129310344828
9,1.67293233082707,3.69583333333333,3.40229885057471,1.9576802507837,4.81709145427286,5.85272727272727,3.58456486042693,2.3502722323049,32.6183908045977,4.39310344827586
10,6.0014367816092,8.03571428571428,5.82758620689655,5.04980842911877,7.50689655172414,7.2037037037037,8.24444444444444,9.03793103448276,2.95225464190981,5.77142857142857
11,12.8229885057471,18.2,17.5333333333333,13.5333333333333,19.7666666666667,15.7461538461538,14.5850574712644,15.9034482758621,6.66666666666667,16.3689655172414
12,6.26904761904762,6.30541871921182,6.04926108374384,12.0729442970822,5.40714285714286,6.08,10.3533333333333,7.35333333333333,2.38054187192118,5
13,7.25670498084291,4.33903133903134,5.52976190476191,9.14153846153846,3.88690476190476,5.33333333333333,5.60238095238095,6.58251231527094,5.44428571428571,5.54556650246305
14,15.2593703148426,9.86666666666667,9.2125,14.0208333333333,7.81428571428571,5.60526315789474,42.6551724137931,21.0344827586207,7.68888888888889,8.6875
15,2.47044334975369,9.58390804597701,10.4275862068966,10.0747126436782,6.46666666666667,7.12334217506631,8.14942528735632,45.4642857142857,7,11.5690476190476
16,18.2551724137931,25,27.3333333333333,45.2,15.3,15.8358974358974,50.3965517241379,50.1034482758621,26.6333333333333,27.5
17,37.4816091954023,26.5045977011494,31.8666666666667,42.4103448275862,7.35632183908046,8.98205128205128,197.535632183908,45.8119047619048,11.251724137931,14.3965517241379
18,3.80877742946708,4.0970625798212,3.92608695652174,7.24689655172414,1.59586466165414,3.17056856187291,3.76761619190405,3.84920634920635,6.29153605015674,5.1
19,2.56521739130435,2.53452685421995,2.48214285714286,2.96172248803828,30.1652173913043,10.6777777777778,2.02631578947368,2.51185770750988,3.0804347826087,1.96172248803828
20,31.6471264367816,15.1195402298851,15.2333333333333,32.5,8.56666666666667,16.7068965517241,65.8494252873563,54.2296296296296,14.7333333333333,15.4333333333333
21,15.9371196754564,13.1842105263158,11.5333333333333,18.6571428571429,11.4960784313725,11.1538461538462,15.0725952813067,16.5935960591133,15.6,12.7666666666667
22,12.2057471264368,11.5738095238095,10.2666666666667,24.7,8.34102564102564,11.2564102564103,11.7151979565773,8.92873563218391,10.8873563218391,8.56666666666667
23,16.2114942528736,10.5333333333333,14.5666666666667,17.1333333333333,14.5,18.425641025641,18.5770114942529,17.4425287356322,15.8333333333333,15.2666666666667
24,42.6413793103448,3.46666666666667,4.02222222222222,28.2333333333333,6,5.60571428571429,22.0407523510972,8.03448275862069,4.52820512820513,5.18787878787879
25,26.3091133004926,6.73589743589744,12.4714285714286,45.8896551724138,9.33448275862069,9.30267558528428,7.56650246305419,5.52988505747126,2.69080459770115,6.97877984084881
26,37.751724137931,21.5119047619048,23.667816091954,37.0827586206897,15.1,16.031724137931,30.7586206896552,17.4224137931034,6.53333333333333,12.3
27,3.41111111111111,2.40374331550802,2.88142292490119,3.68470588235294,2.45454545454545,2.73684210526316,3.68470588235294,3.54040404040404,3.78409090909091,2.68944099378882
28,7.74270557029178,6.24137931034483,4.1,9.03333333333333,9.4735632183908,7.42051282051282,7.18205128205128,5.36410256410256,7.47011494252873,7.46896551724138
29,7.4537037037037,2.64285714285714,3.68,6.96703296703297,3.04871794871795,2.92307692307692,2.46978021978022,6.37179487179487,1.97379310344828,3.33004926108374
30,1.63333333333333,2.29464285714286,2.03676470588235,2.49579831932773,1.58333333333333,1.11111111111111,0.545454545454545,0.214285714285714,3.71052631578947,2.05555555555556
31,6.33333333333333,8.74285714285714,9.63333333333333,18.3,8.08965517241379,9.56153846153846,1.68333333333333,4.31111111111111,44.8298850574713,14.3738095238095
32,5.38620689655172,10.5428571428571,10.6724137931034,10.3666666666667,7.9,9.27435897435898,4.93908045977012,4.96551724137931,20.7333333333333,9.73333333333333
33,6.26666666666667,9.46666666666667,8.63859649122807,9.02380952380952,6.92385057471264,6.67724867724868,8.63888888888889,5.60798548094374,24.6230158730159,4.23333333333333
34,3.55911330049261,7.94022988505747,3.46436781609195,3.24444444444444,7.91481481481481,6.82142857142857,2.93103448275862,4.42241379310345,23.1888888888889,9.73103448275862
35,6.06896551724138,9.58974358974359,4.89333333333333,6.44871794871795,9.25555555555556,8.99538461538462,8.72551724137931,5.13793103448276,12.725,9.05
36,38.7241379310345,6.36666666666667,4.46666666666667,26.5333333333333,6.33563218390805,6.03310344827586,23.448275862069,28.8091954022988,5.52298850574713,10.1264367816092
