unit,ch_96,ch_122,ch_86,ch_32,ch_18,ch_28,ch_84,ch_87,ch_50,ch_16,ch_114
1,2.18181818181818,1.46666666666667,0.363636363636364,1.38461538461538,0.75,0.909090909090909,0.666666666666667,0.769230769230769,0.5,0.923076923076923,1.45454545454545
2,0,0.545454545454545,0.666666666666667,0,0,0.307692307692308,0.5,0,0,0.444444444444444,0.285714285714286
3,3.42857142857143,4.84615384615385,3,4.5,4.35714285714286,3.66666666666667,4.14285714285714,4,4.53846153846154,4,4.23076923076923
4,3.52,3.68,3.2,2.91666666666667,3.12,3.38461538461538,3.07692307692308,3.91666666666667,3.33333333333333,3.51724137931034,3.1304347826087
5,2.33333333333333,2.76190476190476,1.56521739130435,1.9,2.19047619047619,2.41666666666667,2.56,2.48,2.43478260869565,2.08333333333333,2.58333333333333
6,0.2,0.166666666666667,0.461538461538462,0.526315789473684,0.8,0.875,0.5,0.5,0.666666666666667,0.363636363636364,1.2
7,2.69230769230769,3.92857142857143,2.84615384615385,3.28571428571429,3.52,3.58620689655172,3.66666666666667,5.18518518518519,3.78571428571429,3.26666666666667,5.2
8,0.933333333333333,1.04761904761905,0.8,0.75,0.875,1.73913043478261,0.4,2.11764705882353,0.4,1.1,1.54545454545455
9,6.28571428571429,7.5,6.3448275862069,6.3448275862069,5.72413793103448,5.33333333333333,6.53846153846154,6.62068965517241,4.69230769230769,6.93333333333333,6.20689655172414
10,7.40740740740741,7.58620689655172,6.64285714285714,6.6,8.46666666666667,6.53333333333333,7.51724137931035,8.82758620689655,6.35714285714286,8.4,8.41379310344828
11,10,9.17241379310345,7.86206896551724,10.5333333333333,8,7.46666666666667,9.06666666666667,10.6206896551724,10.0666666666667,10.4666666666667,9.26666666666667
12,3.42857142857143,3.40740740740741,3.92307692307692,3.84615384615385,3.64285714285714,3.40740740740741,3.61538461538462,2.76923076923077,4,4.20689655172414,3.44
13,3.53846153846154,3.90909090909091,3.1,2.96296296296296,3.31034482758621,3.52,3.14285714285714,2.23076923076923,3.7037037037037,2.59259259259259,4.14814814814815
14,13.5862068965517,17.1724137931034,13.1034482758621,16.8666666666667,15.9333333333333,15.5333333333333,13.8,15.9310344827586,16.2,14.4666666666667,14.4666666666667
15,12.9655172413793,14.3448275862069,10.0714285714286,14.2,11.1034482758621,12.8,11.7333333333333,14.7586206896552,12.6,13.7333333333333,13.8666666666667
16,26.9655172413793,31.1034482758621,21.6551724137931,30.8666666666667,27,26.551724137931,21.4,28.4827586206897,28.8,29,28.5333333333333
17,14.8275862068966,15.2413793103448,15.2413793103448,13.0666666666667,13,12.0666666666667,10.9333333333333,14.2758620689655,12.9333333333333,13.2666666666667,13.1333333333333
18,1.42857142857143,1.36,2.66666666666667,2.48,2.76923076923077,2.1,1.58333333333333,2.75,2.31578947368421,2.08695652173913,1.44
19,1.22222222222222,2,1.83333333333333,1.58333333333333,1.28,1.4,1.89473684210526,1.1304347826087,0.869565217391304,2.11111111111111,1.4
20,14.7586206896552,14.9655172413793,9.79310344827586,15.7333333333333,15.0666666666667,14.3333333333333,10.1379310344828,14.8275862068966,14.2,16.4,15.2
21,20.6206896551724,22.6206896551724,16.3448275862069,22.9333333333333,20.4,19.6,19.6666666666667,22.9655172413793,22.6666666666667,22.3333333333333,20.7333333333333
22,7.10344827586207,8.42857142857143,8.20689655172414,7.2,8.8,8.68965517241379,7.86666666666667,7.58620689655172,9,7.46666666666667,8.86666666666667
23,15.3103448275862,21.6551724137931,20.8275862068966,17.3333333333333,16.4,16.3333333333333,16,16.551724137931,19.2,18.1333333333333,19.1333333333333
24,9.6551724137931,7.6551724137931,10,7.8,7.86666666666667,9.33333333333333,8.41379310344828,10.3448275862069,7.6,10,8.41379310344828
25,14,14.4827586206897,11.5,11.2666666666667,13.2666666666667,14.0666666666667,11.5,17.6551724137931,9.2,17.2,13.3103448275862
26,19.7931034482759,21.3793103448276,19.5,15.3333333333333,20.1333333333333,19,18.4666666666667,19.6551724137931,12.2666666666667,23.8,19.2
27,3.27272727272727,5.76470588235294,2.8,3.16666666666667,3.3,3.36363636363636,4,2.69565217391304,4.96,3.81818181818182,5.56521739130435
28,4.64285714285714,4.85714285714286,4.81481481481481,3.6,5.5,3.26666666666667,3.85185185185185,4.82758620689655,3.21428571428571,4.13793103448276,3.42857142857143
29,4.78571428571429,4.64285714285714,2.96296296296296,4.27586206896552,3.69230769230769,4.5,4,4.96296296296296,2.6,3.85714285714286,3.6551724137931
30,1.17647058823529,0.875,0.75,1.375,1.42857142857143,1.375,0.875,1,0.777777777777778,0.777777777777778,0.625
31,7.24137931034483,8.07407407407407,8.61538461538461,8.3448275862069,7.2,8.06666666666667,6.53333333333333,9.17241379310345,7.86206896551724,8.13333333333333,6
32,11.3793103448276,11.3793103448276,10.6206896551724,10.4,8.8,9.26666666666667,11.6,12.1379310344828,12.0666666666667,10.7333333333333,13.2
33,2,1.58333333333333,1.9047619047619,0.9,1,0.636363636363636,1.82608695652174,3.14285714285714,1,1.61538461538462,2.375
34,12.2142857142857,12.6206896551724,10.1428571428571,11.8666666666667,10.8666666666667,7.06666666666667,13.2,11.8620689655172,10.3333333333333,12.9333333333333,10.8965517241379
35,11.5172413793103,13.7931034482759,9.10344827586207,13.5333333333333,13.9333333333333,7.53333333333333,11.8,13.9310344827586,15.2,14.7333333333333,12.6
36,7.37931034482759,8.71428571428571,5.5,8.85714285714286,6.06666666666667,3.51724137931034,6.48275862068965,6.21428571428571,7.26666666666667,8.06896551724138,7.71428571428571
