unit,ch_16,ch_50,ch_32,ch_18,ch_84,ch_86,ch_96,ch_122,ch_114,ch_87,ch_28
1,40.7272727272727,1.29411764705882,0.833333333333333,44.3076923076923,0.8,0.875,0.888888888888889,42.8333333333333,0.769230769230769,12,1.14285714285714
2,0.333333333333333,1,0,4.85714285714286,0.222222222222222,0,0.222222222222222,54.6666666666667,1,0.571428571428571,0.333333333333333
3,16.7407407407407,4.28571428571429,3.6551724137931,0.307692307692308,2.42857142857143,2,2.72,4.06896551724138,22.2142857142857,0.666666666666667,4.71428571428571
4,52.2727272727273,3.28,2.59259259259259,30.4444444444444,2.37037037037037,2.32,2.16,20.48,4.96,10.8,3.44827586206897
5,7.61904761904762,3.16666666666667,2,3.27272727272727,1.18181818181818,0.785714285714286,1.28,2.32,0.48,4.45454545454545,2.64
6,0.666666666666667,1,0.5,0,0.285714285714286,0.545454545454545,0.153846153846154,1.66666666666667,0.125,1.53846153846154,0.923076923076923
7,1.53846153846154,3.53846153846154,3.41666666666667,0.48,2.72727272727273,2.3448275862069,2.16,26.88,1.77777777777778,7.15384615384615,3.62962962962963
8,0.333333333333333,0.9,0.727272727272727,2.78260869565217,0.363636363636364,0.761904761904762,1.36842105263158,3.42857142857143,1.44444444444444,26.5555555555556,1.33333333333333
9,2.8,5.37931034482759,6.06896551724138,1.78571428571429,6.74074074074074,12.0666666666667,5.52,5.33333333333333,7.4,42.0714285714286,7.26666666666667
10,5.46666666666667,7.6551724137931,7.31034482758621,21.5333333333333,9.03448275862069,8.53333333333333,7.28571428571429,5.28571428571429,5.10344827586207,13.4285714285714,7.73333333333333
11,5.37931034482759,9.03448275862069,9.24137931034483,7.06666666666667,10.2758620689655,11.2666666666667,8.07407407407407,7.5,15.1724137931034,19.7142857142857,11
12,10.2307692307692,3.76,2.61538461538462,1.55555555555556,3.57142857142857,2.81481481481481,4.08,2.38461538461538,7.42857142857143,5.30769230769231,3.15384615384615
13,13.7037037037037,2.75,2.14814814814815,16.6896551724138,2,2.08333333333333,1.84615384615385,3.72413793103448,11.6296296296296,6.21428571428571,2.8
14,46.6,15.6551724137931,16.6206896551724,0.733333333333333,11.7931034482759,9.2,8.82758620689655,28.4827586206897,35.7931034482759,12.6896551724138,16.1333333333333
15,2.62068965517241,12.8965517241379,13.9310344827586,10.2,5.93103448275862,6.96551724137931,8.48275862068965,11.448275862069,23.1034482758621,4.68965517241379,13.6551724137931
16,53,29.2413793103448,27.3103448275862,2.73333333333333,15.448275862069,15.6,19.3103448275862,62.8965517241379,48,37.3103448275862,25.9310344827586
17,75.9333333333333,15,13.2413793103448,1.73333333333333,7.31034482758621,9.31034482758621,7.78571428571429,116.620689655172,76.1379310344828,16.4137931034483,14.8275862068966
18,5,1.65217391304348,1.92,0.476190476190476,1.47826086956522,1,2,5.83333333333333,2.38095238095238,3.68421052631579,1.2
19,1.84,1.66666666666667,1.18181818181818,2.85714285714286,0.916666666666667,0.823529411764706,1.33333333333333,2.21052631578947,1.84,2.46153846153846,1.30434782608696
20,64.7586206896552,17.6428571428571,14,0.333333333333333,15.2413793103448,13.8666666666667,14.0689655172414,95.1034482758621,94.0689655172414,23.0714285714286,14.2666666666667
21,40.0666666666667,20.9655172413793,22.6896551724138,38.8,20.0689655172414,22.2666666666667,20.0689655172414,33.0344827586207,38,35.3793103448276,23.0666666666667
22,11.1333333333333,6.3448275862069,6.06896551724138,3.73333333333333,7.37931034482759,8.33333333333333,9.03448275862069,9.31034482758621,10.7333333333333,10.4827586206897,8.13333333333333
23,18.6,9.31034482758621,10,14.8666666666667,16.7586206896552,17.3333333333333,18.8275862068966,23.3103448275862,23.6,26.9655172413793,15
24,69.2,3.24137931034483,4.68965517241379,5.73333333333333,11.0344827586207,8.75862068965517,8.68965517241379,12.9655172413793,12.8965517241379,3.10344827586207,7.2
25,57.5333333333333,9.79310344827586,14,3.2,15.0344827586207,13.0666666666667,11,13.7241379310345,12.4,1.35714285714286,10.5333333333333
26,20.0666666666667,17.0344827586207,15.8620689655172,0.733333333333333,21.3793103448276,19.4666666666667,21.1428571428571,2.41379310344828,33.1724137931034,17.1724137931034,12.8666666666667
27,8.38095238095238,1.58333333333333,1.92592592592593,1.36363636363636,3.76470588235294,2.8695652173913,4.53846153846154,9.21739130434783,4.52173913043478,3.90909090909091,3.77777777777778
28,7.26666666666667,3.78571428571429,4.2962962962963,2.88888888888889,4.57142857142857,5.03448275862069,5.18518518518519,6.96296296296296,8,9.48148148148148,3.03703703703704
29,6.41379310344828,3.53846153846154,4.41379310344828,14.2068965517241,3.6551724137931,3.78571428571429,4.53846153846154,13.7037037037037,2.42857142857143,2.61538461538462,3
30,2.75,1.14285714285714,0.736842105263158,0.2,1.1,1.75,1.69230769230769,1.33333333333333,0.235294117647059,3.85714285714286,1.11111111111111
31,4.68965517241379,7.78571428571429,7.71428571428571,1.30769230769231,8,6.55172413793103,7.40740740740741,16.0740740740741,2.64285714285714,28.4285714285714,7.4
32,4.93333333333333,8.89655172413793,7.58620689655172,1.4,10.4827586206897,10.1333333333333,10.4137931034483,5.86206896551724,7.6,12.2758620689655,10.8275862068966
33,0.833333333333333,0.888888888888889,0.666666666666667,2.34782608695652,1.9047619047619,1.9047619047619,1.9047619047619,23.5,1.82608695652174,18.6666666666667,1.4
34,5.10344827586207,9.17241379310345,7.86206896551724,9.8,10.9655172413793,11.4666666666667,10.8571428571429,10.2068965517241,6.53333333333333,42.9655172413793,10
35,6.93333333333333,12,7.24137931034483,5.8,12.8965517241379,14.4,14.3448275862069,11.4285714285714,7,23.6551724137931,11.4
36,75,6.41379310344828,4.75862068965517,3.85714285714286,6.82758620689655,6.48275862068965,8.22222222222222,9.03448275862069,58.4285714285714,6.32,6.13333333333333
