session,current_uA,unit,preferred_channel_by_response,preferred_channel_by_zscore,best_mean_response,best_mean_zscore,selectivity_index
Session2,5,1,18,18,14.2666666666667,16.0801669905351,0.00234192037470731
Session2,5,2,18,18,0.8,-0.818518518518519,0.0909090909090909
Session2,5,3,114,114,23.52,8.66857491004742,0.246855805791167
Session2,5,4,16,16,27.037037037037,11.0840341365762,0.218044216673619
Session2,5,5,16,16,7.7037037037037,3.46141350448643,0.0589387115723517
Session2,5,6,16,16,2.90909090909091,2.35108755704764,0.185185185185185
Session2,5,7,87,87,12.7857142857143,3.8271421062218,0.504855776199449
Session2,5,8,87,87,38.3529411764706,40.0775260258973,0.900874635568513
Session2,5,9,87,87,57.1034482758621,13.0028589599706,0.697904277570438
Session2,5,10,50,50,10.6428571428571,0.49110064265541,0.0836363636363636
Session2,5,11,50,50,12.3333333333333,0.225009774072823,0.0511363636363637
Session2,5,12,18,18,14.0769230769231,4.64578356157626,0.442535078038783
Session2,5,13,18,18,10.9230769230769,2.57241880347111,0.193623188405797
Session2,5,14,122,122,79.3103448275862,8.51385369952364,0.328711727325246
Session2,5,15,114,114,29.5,2.16868447952297,0.323859386686612
Session2,5,16,122,122,87.7931034482759,3.66268354973396,0.324914569203282
Session2,5,17,122,122,118.137931034483,12.8959598618716,0.266928166726098
Session2,5,18,18,18,6.08,1.18839143150345,0.0711082639333761
Session2,5,19,87,87,2.26086956521739,0.0908828177467086,0.0196078431372549
Session2,5,20,122,122,118.965517241379,12.7988021526889,0.124660428614549
Session2,5,21,18,18,32.9333333333333,0.760774957008273,0.0409067790452662
Session2,5,22,18,18,26.4666666666667,3.90537310663599,0.430630630630631
Session2,5,23,86,86,22.3846153846154,0.282163044626362,0.0410164682662061
Session2,5,24,16,16,82.4827586206897,15.6479116159777,0.222424748309286
Session2,5,25,18,18,76.4,8.06742195448709,0.221523872532804
Session2,5,26,122,122,45.5172413793103,2.18035062707029,0.0272373540856031
Session2,5,27,114,114,4.63636363636364,0.151592605837212,0.093951093951094
Session2,5,28,18,18,12,2.77914440022761,0.3
Session2,5,29,18,18,7.85714285714286,1.79815617743602,0.184682887913841
Session2,5,30,18,18,2.70588235294118,1.21124238507796,0.0555555555555556
Session2,5,31,87,87,27.7931034482759,5.32304254538669,0.499906953662924
Session2,5,32,86,86,12.6153846153846,0.401599433760627,0.0362257792754844
Session2,5,33,87,87,9.88888888888889,6.199416212852,0.593028732925106
Session2,5,34,87,87,34.6,3.58309846016649,0.437673130193906
Session2,5,35,87,87,20.5333333333333,0.758529063026669,0.101967799642218
Session2,5,36,16,16,72.4827586206897,14.1859821142252,0.197720797720798
Session2,7,1,18,18,44.3076923076923,53.7945972755333,0.0169192290716492
Session2,7,2,122,122,54.6666666666667,106.914814814815,0.8368
Session2,7,3,114,114,22.2142857142857,8.08774827043749,0.140509337860781
Session2,7,4,16,16,52.2727272727273,22.8574708516443,0.263890584931005
Session2,7,5,16,16,7.61904761904762,3.40573646065745,0.262101111509502
Session2,7,6,122,122,1.66666666666667,0.46286207964988,0.04
Session2,7,7,122,122,26.88,9.82889182187155,0.579604014103607
Session2,7,8,87,87,26.5555555555556,27.2037521519102,0.771307570142933
Session2,7,9,87,87,42.0714285714286,9.16191498655508,0.554226405136775
Session2,7,10,18,18,21.5333333333333,2.81660678195266,0.231816943612095
Session2,7,11,87,87,19.7142857142857,1.4971015059131,0.130189212086981
Session2,7,12,16,16,10.2307692307692,2.89777831447564,0.158680771624144
Session2,7,13,18,18,16.6896551724138,4.66457744102269,0.098243549878141
Session2,7,14,16,16,46.6,3.96341957873402,0.131162634971122
Session2,7,15,114,114,23.1034482758621,1.17634103511447,0.247672253258845
Session2,7,16,122,122,62.8965517241379,2.00941398485645,0.0853912526033918
Session2,7,17,122,122,116.620689655172,12.7053086003097,0.210017889087657
Session2,7,18,122,122,5.83333333333333,1.09448170131642,0.0769230769230769
Session2,7,19,18,18,2.85714285714286,0.503677170899795,0.0743801652892562
Session2,7,20,122,122,95.1034482758621,9.79873317072669,0.00546846518410496
Session2,7,21,16,16,40.0666666666667,1.58705281283624,0.0160608622147084
Session2,7,22,16,16,11.1333333333333,0.419445681865549,0.0182926829268293
Session2,7,23,87,87,26.9655172413793,0.819260950634061,0.066557555919258
Session2,7,24,16,16,69.2,12.7923167711873,0.684404901796206
Session2,7,25,16,16,57.5333333333333,5.55026261663371,0.585643235023917
Session2,7,26,114,114,33.1724137931034,0.986465874853071,0.216182048040455
Session2,7,27,122,122,9.21739130434783,1.26489898488619,0.0475294117647059
Session2,7,28,87,87,9.48148148148148,1.81496993849569,0.0847457627118644
Session2,7,29,18,18,14.2068965517241,4.80148062033737,0.0180287361581404
Session2,7,30,87,87,3.85714285714286,2.49303497559148,0.167567567567568
Session2,7,31,87,87,28.4285714285714,5.48729662397755,0.277612650101058
Session2,7,32,87,87,12.2758620689655,0.330409710823378,0.0626865671641791
Session2,7,33,122,122,23.5,16.9597108384289,0.114624505928854
Session2,7,34,87,87,42.9655172413793,4.95772428515132,0.578680631810119
Session2,7,35,87,87,23.6551724137931,1.2122197631449,0.243204059441827
Session2,7,36,16,16,75,14.7444816433047,0.124197002141328
Session2,3,1,87,87,8,8.21280034521792,0.263157894736842
Session2,3,2,114,114,1.66666666666667,0.914814814814815,0.25
Session2,3,3,114,114,14.6428571428571,4.71971633396855,0.0774206589852436
Session2,3,4,18,18,13.68,4.85245383155366,0.257352941176471
Session2,3,5,16,16,4.83333333333333,1.57361373716007,0.137254901960784
Session2,3,6,28,28,1.07692307692308,-0.43342506065337,0.0845070422535211
Session2,3,7,87,87,7.25,1.46987673543904,0.209266409266409
Session2,3,8,87,87,17.3684210526316,17.1783875549552,0.745416078984485
Session2,3,9,87,87,29.5555555555556,5.96389050431115,0.588059701492537
Session2,3,10,86,86,8,-0.0732438730026447,0.0135746606334842
Session2,3,11,84,84,10.6,-0.0737266068238612,0.0495049504950495
Session2,3,12,16,16,4.37037037037037,0.234336245374929,0.0535714285714285
Session2,3,13,114,114,7.03703703703704,1.16253384883909,0.0989988876529477
Session2,3,14,122,122,50.1333333333333,4.45495217017781,0.238879736408567
Session2,3,15,114,114,28.6,2.02906095446064,0.290493231678855
Session2,3,16,114,114,96.0666666666667,4.21209418352844,0.419005416051206
Session2,3,17,122,122,85.4666666666667,8.79060269623863,0.177767570050528
Session2,3,18,16,16,5.28,0.883819333599593,0.116064565718678
Session2,3,19,18,18,3.81818181818182,1.16899534236434,0.268882175226586
Session2,3,20,114,114,85.1333333333333,8.54523614040201,0.0403258655804481
Session2,3,21,87,87,30.2,0.444163815990078,0.0111607142857142
Session2,3,22,87,87,10.8,0.343664650892279,0.00934579439252341
Session2,3,23,18,18,19.1333333333333,-0.0990406650766897,0.00349650349650348
Session2,3,24,16,16,75.7931034482759,14.2097356038039,0.46895676000802
Session2,3,25,16,16,61.2413793103448,6.04498395353605,0.0331588132635253
Session2,3,26,18,18,41.8666666666667,1.8272986742731,0.2866027657862
Session2,3,27,122,122,5.25925925925926,0.302972104218747,0.0985342019543974
Session2,3,28,18,18,6.62068965517241,0.719761624966535,0.0621276595744681
Session2,3,29,86,86,5.5,0.683268089051001,0.109565217391304
Session2,3,30,18,18,3.26315789473684,1.83170287837302,0.108379888268156
Session2,3,31,87,87,11.6551724137931,1.15175292163732,0.130434782608696
Session2,3,32,50,50,11.7333333333333,0.216654466046565,0.000812347684809095
Session2,3,33,87,87,4.52173913043478,1.9564038511782,0.268292682926829
Session2,3,34,87,87,19.3103448275862,1.07069495316618,0.202749140893471
Session2,3,35,87,87,23.1333333333333,1.13638192151984,0.152823920265781
Session2,3,36,16,16,46.9285714285714,8.51628288310959,0.0603556223390935
Session2,0,1,96,96,2.18181818181818,0.908475413395423,0.196013289036545
Session2,0,2,86,86,0.666666666666667,-1.08518518518519,0.1
Session2,0,3,122,122,4.84615384615385,0.361805635329854,0.0327868852459016
Session2,0,4,87,87,3.91666666666667,0.297476889985917,0.031154014918824
Session2,0,5,122,122,2.76190476190476,0.211266070969711,0.0334075723830735
Session2,0,6,114,114,1.2,-0.246373831372692,0.156626506024096
Session2,0,7,114,114,5.2,0.596928140065288,0.00142653352353783
Session2,0,8,87,87,2.11764705882353,0.536139678315925,0.0981432360742706
Session2,0,9,122,122,7.5,0.328310265784918,0.0392609699769053
Session2,0,10,87,87,8.82758620689655,0.103475378871639,0.0208693340422704
Session2,0,11,87,87,10.6206896551724,-0.0701607879537417,0.00412953705716153
Session2,0,12,16,16,4.20689655172414,0.16004044125806,0.0252100840336134
Session2,0,13,114,114,4.14814814814815,0.114422892829654,0.0296698704554952
Session2,0,14,122,122,17.1724137931034,-0.13034015000503,0.00898223813061389
Session2,0,15,87,87,14.7586206896552,-0.118252568911712,0.014218009478673
Session2,0,16,122,122,31.1034482758621,-0.101824988574382,0.00382089995177502
Session2,0,17,122,86,15.2413793103448,-0.0336620585991995,0
Session2,0,18,18,18,2.76923076923077,-0.0720684813601927,0.00348432055749128
Session2,0,19,16,16,2.11111111111111,-0.0127935417836387,0.027027027027027
Session2,0,20,16,16,16.4,-0.0962920379880607,0.020746887966805
Session2,0,21,87,87,22.9655172413793,-0.393830516040416,0.000701192026444935
Session2,0,22,50,50,9,-0.0655529163633812,0.00746268656716415
Session2,0,23,122,122,21.6551724137931,0.19663790035762,0.0194805194805195
Session2,0,24,87,87,10.3448275862069,0.139333175423125,0.0169491525423729
Session2,0,25,87,87,17.6551724137931,0.229784605942523,0.0130589631974674
Session2,0,26,16,16,23.8,0.0800472277786555,0.0535796061669974
Session2,0,27,122,122,5.76470588235294,0.42580850481324,0.017607223476298
Session2,0,28,18,18,5.5,0.290723546787145,0.0620689655172414
Session2,0,29,87,87,4.96296296296296,0.429258793941955,0.0181818181818182
Session2,0,30,18,18,1.42857142857143,-0.210892459871362,0.0191082802547771
Session2,0,31,87,87,9.17241379310345,0.510016056445115,0.0313152400835073
Session2,0,32,114,114,13.2,0.524179237943203,0.0419161676646707
Session2,0,33,87,87,3.14285714285714,0.866325582099598,0.13915857605178
Session2,0,34,84,84,13.2,0.0666401461286197,0.010204081632653
Session2,0,35,50,50,15.2,-0.0165537236259788,0.0155902004454343
Session2,0,36,32,32,8.85714285714286,0.0693873635574014,0.00813008130081308
Session2,2,1,18,18,2,0.68021525927597,0.142857142857143
Session2,2,2,96,96,2,1.58148148148148,0.6
Session2,2,3,114,114,11.7931034482759,3.45204783998853,0.31572197999487
Session2,2,4,18,18,10.64,3.43417490676371,0.486033519553073
Session2,2,5,96,96,3.69230769230769,0.823178196897829,0.0202898550724638
Session2,2,6,32,32,1.33333333333333,-0.0437349996519571,0.106382978723404
Session2,2,7,32,32,4.8,0.42659670682163,0.024390243902439
Session2,2,8,87,87,10.3333333333333,9.50142153959113,0.71356783919598
Session2,2,9,87,87,35.8518518518519,7.57270434234551,0.660377358490566
Session2,2,10,16,16,8.46666666666667,0.0264061495820209,0.0119521912350597
Session2,2,11,96,96,11.4666666666667,0.0756415836244807,0.0552147239263803
Session2,2,12,50,50,4.64285714285714,0.35817640547375,0.0252923579004624
Session2,2,13,114,114,6.84615384615385,1.09327996910276,0.0930975190370916
Session2,2,14,122,122,34.0689655172414,2.22018980907879,0.123110151187905
Session2,2,15,87,87,15,-0.080805646481203,0.0273972602739726
Session2,2,16,114,114,94.2666666666667,4.09256416789602,0.46985446985447
Session2,2,17,122,122,92.8965517241379,9.72421614679631,0.395854922279793
Session2,2,18,16,16,4.63636363636364,0.638777236649674,0.0149253731343284
Session2,2,19,122,122,2.2,0.0487433941956642,0.113924050632911
Session2,2,20,114,114,56,4.88243515693308,0.200612557427259
Session2,2,21,87,87,28.4666666666667,0.243386019246833,0.0215311004784689
Session2,2,22,18,18,10.5333333333333,0.283039826113663,0.0360655737704918
Session2,2,23,18,18,21.2666666666667,0.15108669018588,0.0357142857142857
Session2,2,24,16,16,27.5862068965517,3.84597238205664,0.439798428220049
Session2,2,25,16,16,37.5333333333333,2.88189582738984,0.147808358817533
Session2,2,26,96,96,22.4666666666667,-0.0489012184570965,0.0449612403100774
Session2,2,27,87,87,5,0.239965502189676,0.0714285714285715
Session2,2,28,18,18,6.73333333333333,0.762885452311745,0.0860215053763441
Session2,2,29,87,87,5.03448275862069,0.463086428962422,0.0656934306569343
Session2,2,30,18,16,2,0.425325760237543,0
Session2,2,31,96,96,8.73333333333333,0.396523703434271,0.00109170305676856
Session2,2,32,96,96,13.4666666666667,0.580092832833501,0.017632241813602
Session2,2,33,87,87,2.95238095238095,0.715744199584236,0.0689655172413793
Session2,2,34,87,87,18.3571428571429,0.914064345973526,0.134657836644592
Session2,2,35,87,87,21.2,0.85541441135825,0.135714285714286
Session2,2,36,114,114,28.7333333333333,4.47931130334612,0.14780292942743
Session2,4,1,18,18,10.5714285714286,11.4410510963359,0.072463768115942
Session2,4,2,50,50,1.25,0.0814814814814819,0.219512195121951
Session2,4,3,114,114,20.6153846153846,7.37650204873033,0.0871450552524829
Session2,4,4,16,16,22.3076923076923,8.8776098083867,0.199735230845606
Session2,4,5,96,96,6.44444444444444,2.63321747753035,0.00466355762824782
Session2,4,6,87,87,1.09090909090909,-0.412169239144202,0.0434782608695652
Session2,4,7,87,87,10.4285714285714,2.82340330317882,0.403846153846154
Session2,4,8,87,87,26.6153846153846,27.2690399887312,0.860215053763441
Session2,4,9,87,87,27.1724137931034,5.35495609827218,0.450815360336665
Session2,4,10,32,32,9.6551724137931,0.280194630745923,0.046337817638266
Session2,4,11,84,84,11.1333333333333,0.0181922796058877,0.00134394706916154
Session2,4,12,18,18,6.51851851851852,1.21062954634816,0.216309606081548
Session2,4,13,16,18,8,1.5119041675089,0
Session2,4,14,122,122,71,7.35777671964772,0.368894601542416
Session2,4,15,114,114,38.1333333333333,3.50803607178752,0.442622950819672
Session2,4,16,122,122,61.8666666666667,1.94102388651249,0.0491803278688524
Session2,4,17,122,122,101.533333333333,10.80948400996,0.297827013208351
Session2,4,18,16,16,5.55555555555556,0.988727500655364,0.0348071495766698
Session2,4,19,18,18,2.47619047619048,0.239947445274212,0.0540540540540541
Session2,4,20,122,122,121.4,13.1048785546059,0.127953278470932
Session2,4,21,87,87,25.8,-0.0655028988196982,0.0065019505851756
Session2,4,22,18,18,17,1.75319182699511,0.208530805687204
Session2,4,23,87,87,22.2,0.260517408113255,0.0707395498392283
Session2,4,24,16,16,79.7333333333333,15.0568262171599,0.26027397260274
Session2,4,25,18,18,75.5333333333333,7.95179272695319,0.141561712846348
Session2,4,26,18,18,49.6,2.57519966244046,0.180952380952381
Session2,4,27,32,32,5.91304347826087,0.461858318031189,0.150769230769231
Session2,4,28,18,18,6.57142857142857,0.700902808343265,0.0512214342001576
Session2,4,29,86,86,5.28571428571429,0.581914626470544,0.0312349831811629
Session2,4,30,16,16,3.22222222222222,1.78612584213715,0.0455991516436903
Session2,4,31,87,87,19.6428571428571,3.21638849090154,0.338199513381995
Session2,4,32,96,96,12.8,0.440308845607757,0.040650406504065
Session2,4,33,87,87,7.83333333333333,4.57439212654039,0.649122807017544
Session2,4,34,87,87,22.7333333333333,1.6331620741891,0.296577946768061
Session2,4,35,87,87,22.2666666666667,1.01043096868878,0.197132616487455
Session2,4,36,16,16,61.5333333333333,11.7566366740372,0.120825743776563
