unit,ch_18,ch_28,ch_114,ch_122,ch_50,ch_86,ch_16,ch_32,ch_84,ch_87
1,5.68421052631579,2.8,2.8695652173913,5,3.04347826086957,3.62962962962963,3.61538461538462,3.91304347826087,2.2,2.92307692307692
2,1.33333333333333,2.07692307692308,9,2.07407407407407,0.833333333333333,2.36363636363636,1.55555555555556,1.44,1.78571428571429,2.17391304347826
3,6.30769230769231,3.13333333333333,26.7142857142857,9.46153846153846,9.5,3.56521739130435,2.69565217391304,8.61538461538461,6.16,1.84615384615385
4,7.27272727272727,1.36363636363636,15.1764705882353,3.75,5.1304347826087,2,7.17647058823529,5.875,1.4,0.857142857142857
5,12.2,4.25,1.65217391304348,2.95652173913043,12.8461538461538,1.73333333333333,12.375,16.7272727272727,1.57894736842105,2.11111111111111
6,9.36842105263158,3.75,1.46153846153846,2.76923076923077,14.32,3.04761904761905,9.9,19,2.59259259259259,3.16666666666667
7,25.3333333333333,17.5333333333333,3.2,1.6,12.8275862068966,4.92857142857143,8.6,28.2,5.51724137931035,17.0344827586207
8,9.17241379310345,2.82758620689655,1.21428571428571,1.37931034482759,4.66666666666667,4.76923076923077,2.46666666666667,7.93103448275862,3.79310344827586,13.037037037037
9,1.36363636363636,1.2,0.631578947368421,1.23809523809524,1.125,1.54545454545455,0.631578947368421,0.666666666666667,1.56521739130435,8.13333333333333
10,4.44444444444444,3.14285714285714,13.8,11.6,5.42857142857143,5.40740740740741,6.41666666666667,3.6551724137931,6.41379310344828,1.07692307692308
11,21.6,22.6,23.6,24.0666666666667,24.0666666666667,20.8,22.2666666666667,26.2,28.4,10.4
12,10.0689655172414,6.4,12.0666666666667,15.2666666666667,8.89655172413793,8,7.46666666666667,9.24137931034483,7.6,2.07142857142857
13,7.36,7.64285714285714,5.78571428571429,8.13333333333333,4.37037037037037,8,8.06896551724138,7.14285714285714,4.35714285714286,5.92857142857143
14,4.375,1.375,2,6,2.13333333333333,2.21052631578947,2.17391304347826,3.625,1.42857142857143,2.11111111111111
15,8.48275862068965,8.07142857142857,61.4285714285714,13.3333333333333,5.03448275862069,7.86206896551724,3.28571428571429,7.6551724137931,6.93333333333333,6
16,45.6666666666667,25.1333333333333,56,13,14.2666666666667,15.1333333333333,7.2,20,16,22.2
17,30.6206896551724,11.7931034482759,23.2666666666667,276.933333333333,36.7333333333333,7.73333333333333,16.0666666666667,46.4666666666667,7.37931034482759,7.10344827586207
18,8.41379310344828,8.2,5.14285714285714,3.44827586206897,5.37931034482759,5.38461538461539,2.3448275862069,4.2,1.92857142857143,9.31034482758621
19,4.10526315789474,2.10526315789474,3.54545454545455,3,3.76470588235294,19.5555555555556,2.95652173913043,3.91666666666667,59.1304347826087,3.9
20,16.6666666666667,14.0666666666667,15.8666666666667,12.7333333333333,13.0666666666667,20.4137931034483,12.4666666666667,13.2,4.53333333333333,14.8
21,4.38095238095238,3.33333333333333,6.42857142857143,6.42105263157895,1.36842105263158,2,1.52941176470588,1.66666666666667,1.05882352941176,7.6
22,22.9333333333333,10,8.13333333333333,14.7407407407407,17.2142857142857,12.6666666666667,14.0666666666667,13,8.61538461538461,11.2413793103448
23,17.8666666666667,13.6666666666667,18.3333333333333,16.5333333333333,13.2,14.4666666666667,13.7333333333333,17.2,12.4,13.4
24,4,2.90909090909091,2,2.90909090909091,3,2.57142857142857,2.8,3.11111111111111,2.66666666666667,4.92307692307692
25,15.3793103448276,2.92307692307692,3.26666666666667,10.2758620689655,4.53846153846154,3.91304347826087,3.92857142857143,10.1428571428571,4.06896551724138,1.93333333333333
26,36.9655172413793,12.2,12.5,16,26.3571428571429,7.10344827586207,32.4,28.0689655172414,9.93333333333333,1.86666666666667
27,5.52941176470588,2.85714285714286,2.44444444444444,3.52941176470588,4.35294117647059,3.47368421052632,3.22222222222222,2.54545454545455,2,3.75
28,6.06666666666667,10.8,4.26666666666667,11.1333333333333,8.3448275862069,9.53333333333333,9.79310344827586,4.46666666666667,14.4137931034483,10.7333333333333
29,6.07692307692308,3.14285714285714,10.0769230769231,4.15384615384615,2.28571428571429,1.84615384615385,9.5,3.76,1.23076923076923,1.12
30,2.28571428571429,3.33333333333333,0,1.09090909090909,3.71428571428571,0.888888888888889,1.6,3.25,2,5
31,31.3333333333333,20.5333333333333,5.06666666666667,0.866666666666667,9.2,11.2,8.66666666666667,10,8.8,61.8666666666667
32,15.2,9,3.17241379310345,5.53333333333333,10.2857142857143,5.93333333333333,5.6,14.3448275862069,4.86666666666667,31.4
33,17.6666666666667,7.46666666666667,8.68965517241379,16.5,17.1333333333333,11.9259259259259,10.9333333333333,17.0666666666667,11.9310344827586,39.3571428571429
34,2.88888888888889,7.6,2.5,2.27586206896552,3.46666666666667,1.64285714285714,2.42857142857143,1.86206896551724,2.2962962962963,11.7777777777778
35,3.23076923076923,5.5,2.62068965517241,3.52,2.84615384615385,1.76,3.37931034482759,3.52,1.77777777777778,4.91666666666667
36,4.86666666666667,11.5862068965517,9.06666666666667,3.37931034482759,5,3.58620689655172,4.96551724137931,4.66666666666667,4.53333333333333,5.37931034482759
