session,current_uA,channel,unit,mean_response,mean_zscore,selectivity_index
Session1,0,16,11,26,0.0951432546344011,0.012987012987013
Session1,0,16,16,21,-0.181760986559191,0.00130378096479791
Session1,0,16,17,14.5333333333333,0.301526139646767,0
Session1,0,16,23,13.8,-0.279350534935985,0.0323974082073434
Session1,0,16,20,13.4,0.0157709894430137,0.0171149144254279
Session1,0,16,7,13.2413793103448,0.234800678500455,0.00156494522691708
Session1,0,16,31,13.0666666666667,0.131218624452515,0.0075949367088608
Session1,0,16,32,11.6666666666667,0.070291083196527,0.0331491712707183
Session1,0,16,26,9.86666666666667,0.0501164913939699,0.014409855901441
Session1,0,16,28,9.51724137931035,-0.0335168803265205,0.0790128180600727
Session1,0,32,16,20.6666666666667,-0.211084635991528,0.00130378096479791
Session1,0,32,11,20.4666666666667,-0.451985392108459,0.012987012987013
Session1,0,32,23,15.9333333333333,-0.0209360280071576,0.0323974082073434
Session1,0,32,20,12.9333333333333,-0.0526789181049887,0.0171149144254279
Session1,0,32,17,12.2666666666667,-0.0590359957713277,0
Session1,0,32,7,12.0689655172414,0.0954742198754567,0.00156494522691708
Session1,0,32,32,11.6551724137931,0.0682643775052965,0.0331491712707183
Session1,0,32,26,11.0344827586207,0.266541747678895,0.014409855901441
Session1,0,32,31,10.7586206896552,-0.150064010347865,0.0075949367088608
Session1,0,32,12,9.93333333333333,0.0467884714084842,0.0707692307692308
Session1,0,87,11,22.8,-0.221268492879542,0.012987012987013
Session1,0,87,16,21.6,-0.128978417580985,0.00130378096479791
Session1,0,87,20,13.8666666666667,0.084220896991016,0.0171149144254279
Session1,0,87,31,13.2666666666667,0.155592717308723,0.0075949367088608
Session1,0,87,28,12.9655172413793,0.5781928190604,0.0790128180600727
Session1,0,87,23,12.8,-0.400482335058872,0.0323974082073434
Session1,0,87,17,12.6,-0.00601215232749035,0
Session1,0,87,32,11.6,0.0585361901873901,0.0331491712707183
Session1,0,87,7,10.8666666666667,-0.0474036974988064,0.00156494522691708
Session1,0,87,12,10.0666666666667,0.069905330904767,0.0707692307692308
Session1,0,18,16,25.5333333333333,0.217040645720586,0.00130378096479791
Session1,0,18,11,24.8,-0.0235111506833276,0.012987012987013
Session1,0,18,17,14.5333333333333,0.301526139646766,0
Session1,0,18,20,13.3333333333333,0.00599243122187047,0.0171149144254279
Session1,0,18,7,13.2,0.229883274078397,0.00156494522691708
Session1,0,18,32,12.4666666666667,0.211349799306168,0.0331491712707183
Session1,0,18,23,12.4666666666667,-0.440859601766501,0.0323974082073434
Session1,0,18,31,11.6666666666667,-0.0394000255409426,0.0075949367088608
Session1,0,18,28,10.4666666666667,0.134907190238012,0.0790128180600727
Session1,0,18,26,10.3333333333333,0.136601387114127,0.014409855901441
Session1,0,84,11,24.2666666666667,-0.0762464419356515,0.012987012987013
Session1,0,84,16,17.2666666666667,-0.510185860201361,0.00130378096479791
Session1,0,84,23,14.2,-0.23089781488683,0.0323974082073434
Session1,0,84,20,10.4827586206897,-0.412125230647701,0.0171149144254279
Session1,0,84,28,10.2758620689655,0.101059253538602,0.0790128180600727
Session1,0,84,17,10,-0.419598131189421,0
Session1,0,84,32,9.58620689655172,-0.296542646916188,0.0331491712707183
Session1,0,84,12,8.89655172413793,-0.132965039502266,0.0707692307692308
Session1,0,84,7,8.89655172413793,-0.281526785815716,0.00156494522691708
Session1,0,84,26,8.71428571428571,-0.163448251098663,0.014409855901441
Session1,0,122,11,25.3333333333333,0.0292241405689963,0.012987012987013
Session1,0,122,16,18.0666666666667,-0.439809101563753,0.00130378096479791
Session1,0,122,17,13.0666666666667,0.0682212284938819,0
Session1,0,122,20,12.1333333333333,-0.170021616758707,0.0171149144254279
Session1,0,122,23,11.5172413793103,-0.555865195906162,0.0323974082073434
Session1,0,122,7,11,-0.0315587276943948,0.00156494522691708
Session1,0,122,28,10.7333333333333,0.182212740323933,0.0790128180600727
Session1,0,122,32,9.73333333333333,-0.270600814068438,0.0331491712707183
Session1,0,122,31,9.58620689655172,-0.292946623642878,0.0075949367088608
Session1,0,122,26,8.96551724137931,-0.116888824479437,0.014409855901441
Session1,0,86,16,25.6,0.222905375607053,0.00130378096479791
Session1,0,86,11,21.2,-0.379474366636514,0.012987012987013
Session1,0,86,20,13.2666666666667,-0.00378612699927271,0.0171149144254279
Session1,0,86,23,13.0666666666667,-0.368180521692769,0.0323974082073434
Session1,0,86,17,12.9333333333333,0.047011691116347,0
Session1,0,86,12,11.6,0.335749215112018,0.0707692307692308
Session1,0,86,31,11.5333333333333,-0.0556494207784146,0.0075949367088608
Session1,0,86,26,11.3571428571429,0.32633865833692,0.014409855901441
Session1,0,86,28,11.0666666666667,0.241344677931336,0.0790128180600727
Session1,0,86,32,10.9333333333333,-0.0590127399039771,0.0331491712707183
Session1,0,28,11,21.2666666666667,-0.372882455229973,0.012987012987013
Session1,0,28,16,19.9333333333333,-0.275596664742668,0.00130378096479791
Session1,0,28,23,14.9333333333333,-0.142067828130045,0.0323974082073434
Session1,0,28,20,12.6666666666667,-0.0917931509895615,0.0171149144254279
Session1,0,28,31,11.1333333333333,-0.104397606490831,0.0075949367088608
Session1,0,28,17,11.1333333333333,-0.239317063480375,0
Session1,0,28,32,10.6206896551724,-0.114139134705446,0.0331491712707183
Session1,0,28,7,10.3448275862069,-0.109417631043659,0.00156494522691708
Session1,0,28,28,10.0666666666667,0.0639488651091289,0.0790128180600727
Session1,0,28,15,8.2962962962963,0.12866955163254,0
Session1,0,50,11,22.8666666666667,-0.214676581473002,0.012987012987013
Session1,0,50,16,18.8,-0.375297072812613,0.00130378096479791
Session1,0,50,17,12.4827586206897,-0.0246619179525643,0
Session1,0,50,23,11.8666666666667,-0.513538681840234,0.0323974082073434
Session1,0,50,20,11,-0.336257106518141,0.0171149144254279
Session1,0,50,31,10.7333333333333,-0.153145792203248,0.0075949367088608
Session1,0,50,28,9.73333333333333,0.00481692750172646,0.0790128180600727
Session1,0,50,32,9.4,-0.329375279114122,0.0331491712707183
Session1,0,50,7,9.33333333333333,-0.22962085024954,0.00156494522691708
Session1,0,50,12,9.17241379310345,-0.0851370543375429,0.0707692307692308
Session1,0,114,11,25.2,0.0160403177559153,0.012987012987013
Session1,0,114,16,22.9333333333333,-0.0116838198516391,0.00130378096479791
Session1,0,114,20,12.9333333333333,-0.0526789181049887,0.0171149144254279
Session1,0,114,23,11.2666666666667,-0.586217761913967,0.0323974082073434
Session1,0,114,7,11.2413793103448,-0.00287386856571869,0.00156494522691708
Session1,0,114,31,10.9333333333333,-0.128771699347039,0.0075949367088608
Session1,0,114,17,10.4,-0.355969519056817,0
Session1,0,114,32,10.3333333333333,-0.164806776986208,0.0331491712707183
Session1,0,114,12,9.37931034482759,-0.0492660654640008,0.0707692307692308
Session1,0,114,28,9.33333333333333,-0.0661413976271563,0.0790128180600727
Session1,2,84,19,41.8181818181818,14.0470565481128,0.801801801801802
Session1,2,84,11,32,0.688415281223045,0.0921501706484641
Session1,2,84,16,21.2666666666667,-0.158302067013322,0.636881047239613
Session1,2,84,23,16.2,0.0113657853589458,0.0240963855421687
Session1,2,84,28,11.9333333333333,0.395087715710582,0.100502512562814
Session1,2,84,17,11.6,-0.165083682659002,0.889434889434889
Session1,2,84,7,10.7333333333333,-0.063248667303218,0.117808219178082
Session1,2,84,31,10.6666666666667,-0.161270489821984,0.279279279279279
Session1,2,84,32,9.4,-0.329375279114122,0.0033418517790446
Session1,2,84,12,9.10344827586207,-0.0970940506287236,0.0477060031956174
Session1,2,114,16,95.8666666666667,6.4043306759436,0.636881047239613
Session1,2,114,15,87.5,15.0877661000142,0.831091180866966
Session1,2,114,11,20.5333333333333,-0.445393480701919,0.0921501706484641
Session1,2,114,3,19.6666666666667,3.8041538261183,0.360230547550432
Session1,2,114,26,19.4,1.81687936110575,0.198806733432772
Session1,2,114,17,15.5172413793103,0.458037898225817,0.889434889434889
Session1,2,114,23,12.4,-0.448935055108027,0.0240963855421687
Session1,2,114,10,12.1428571428571,0.970735899245168,0.224376731301939
Session1,2,114,20,11.5333333333333,-0.258028640748996,0.0121065375302664
Session1,2,114,12,8.26666666666667,-0.24217227229505,0.0477060031956174
Session1,2,86,11,26.6,0.154470457293265,0.0921501706484641
Session1,2,86,16,18.6666666666667,-0.387026532585547,0.636881047239613
Session1,2,86,23,14.1333333333333,-0.238973268228355,0.0240963855421687
Session1,2,86,17,11.6666666666667,-0.154478913970235,0.889434889434889
Session1,2,86,32,11.5172413793103,0.0439439092105308,0.0033418517790446
Session1,2,86,28,11.4666666666667,0.312303003060219,0.100502512562814
Session1,2,86,7,10.6206896551724,-0.0766349348966002,0.117808219178082
Session1,2,86,31,10.4,-0.193769280296928,0.279279279279279
Session1,2,86,12,9.93333333333333,0.0467884714084842,0.0477060031956174
Session1,2,86,26,8.75862068965517,-0.15523188169527,0.198806733432772
Session1,2,28,31,18.9333333333333,0.846192014901289,0.279279279279279
Session1,2,28,16,18.8,-0.375297072812613,0.636881047239613
Session1,2,28,11,18.1333333333333,-0.682702291337376,0.0921501706484641
Session1,2,28,23,13.8666666666667,-0.271275081594459,0.0240963855421687
Session1,2,28,7,13.6,0.277418183491631,0.117808219178082
Session1,2,28,28,11.8,0.371434940667621,0.100502512562814
Session1,2,28,17,11,-0.260526600857909,0.889434889434889
Session1,2,28,32,10.6666666666667,-0.106032311940524,0.0033418517790446
Session1,2,28,20,10.5333333333333,-0.404707014066144,0.0121065375302664
Session1,2,28,22,9.61538461538461,0.809394531521315,0.183105409657509
Session1,2,50,11,22.2,-0.280595695538407,0.0921501706484641
Session1,2,50,22,13.9259259259259,1.84026844314844,0.183105409657509
Session1,2,50,16,13,-0.885528572935269,0.636881047239613
Session1,2,50,23,12.9333333333333,-0.38433142837582,0.0240963855421687
Session1,2,50,20,11.3333333333333,-0.287364315412425,0.0121065375302664
Session1,2,50,17,10.9333333333333,-0.271131369546677,0.889434889434889
Session1,2,50,28,10.2758620689655,0.101059253538602,0.100502512562814
Session1,2,50,31,8.26666666666667,-0.453759604096482,0.279279279279279
Session1,2,50,33,7.93103448275862,0.105898161050017,0.0191082802547771
Session1,2,50,26,7.8,-0.332888046795297,0.198806733432772
Session1,2,18,11,21.8666666666667,-0.313555252571109,0.0921501706484641
Session1,2,18,23,13.9333333333333,-0.263199628252933,0.0240963855421687
Session1,2,18,20,13.4,0.0157709894430137,0.0121065375302664
Session1,2,18,32,10,-0.223581242031891,0.0033418517790446
Session1,2,18,26,9.37931034482759,-0.0402027100477705,0.198806733432772
Session1,2,18,22,8.26666666666667,0.486846144367129,0.183105409657509
Session1,2,18,33,8,0.120532663878779,0.0191082802547771
Session1,2,18,28,8,-0.302669148056766,0.100502512562814
Session1,2,18,31,7.86206896551724,-0.503068113782605,0.279279279279279
Session1,2,18,18,7.69230769230769,0.165241251887158,0.00322465066284485
Session1,2,122,17,265.172413793103,40.1710682292654,0.889434889434889
Session1,2,122,11,25.7333333333333,0.0687756090082392,0.0921501706484641
Session1,2,122,16,15.6666666666667,-0.650939377476576,0.636881047239613
Session1,2,122,23,15.6,-0.0613132947147868,0.0240963855421687
Session1,2,122,20,13.9333333333333,0.0939994552121592,0.0121065375302664
Session1,2,122,28,11.8666666666667,0.383261328189101,0.100502512562814
Session1,2,122,12,10.9285714285714,0.219339315505737,0.0477060031956174
Session1,2,122,33,10.6206896551724,0.676643771371733,0.0191082802547771
Session1,2,122,3,9.25,1.03675715643591,0.360230547550432
Session1,2,122,36,8.21428571428571,0.1590915958375,0.00719424460431663
Session1,2,32,11,25.5333333333333,0.0489998747886178,0.0921501706484641
Session1,2,32,23,14.6666666666667,-0.174369641496149,0.0240963855421687
Session1,2,32,20,13.6,0.0451066641064432,0.0121065375302664
Session1,2,32,26,12.9655172413793,0.624410281693338,0.198806733432772
Session1,2,32,17,9.93103448275862,-0.430568581557112,0.889434889434889
Session1,2,32,32,9.86666666666667,-0.247091028050165,0.0033418517790446
Session1,2,32,31,9.46666666666667,-0.307515046959233,0.279279279279279
Session1,2,32,28,8.93333333333333,-0.137099722756039,0.100502512562814
Session1,2,32,8,8.06666666666667,0.811707667758238,0.124087591240876
Session1,2,32,22,7.72413793103448,0.357099395738699,0.183105409657509
Session1,2,16,11,25.2666666666667,0.0226322291624558,0.0921501706484641
Session1,2,16,23,17,0.108271225457256,0.0240963855421687
Session1,2,16,28,14.6,0.8681432165698,0.100502512562814
Session1,2,16,20,13.6,0.0451066641064433,0.0121065375302664
Session1,2,16,32,11.6551724137931,0.0682643775052965,0.0033418517790446
Session1,2,16,16,10.7333333333333,-1.08492938907516,0.636881047239613
Session1,2,16,17,9.72413793103448,-0.463479932660183,0.889434889434889
Session1,2,16,12,9.2,-0.0803542558210707,0.0477060031956174
Session1,2,16,7,9.17241379310345,-0.248744089668657,0.117808219178082
Session1,2,16,33,8.66666666666667,0.261999524556811,0.0191082802547771
Session1,2,87,11,19.1333333333333,-0.583823620239269,0.0921501706484641
Session1,2,87,16,18.4666666666667,-0.404620722244949,0.636881047239613
Session1,2,87,20,12,-0.189578733200993,0.0121065375302664
Session1,2,87,32,11.7333333333333,0.0820459762056637,0.0033418517790446
Session1,2,87,33,11.0344827586207,0.764450788344305,0.0191082802547771
Session1,2,87,23,10.7333333333333,-0.650821388646173,0.0240963855421687
Session1,2,87,31,10.2666666666667,-0.2100186755344,0.279279279279279
Session1,2,87,28,10.2,0.0876016401520897,0.100502512562814
Session1,2,87,17,9.73333333333333,-0.462017205944491,0.889434889434889
Session1,2,87,12,8.33333333333333,-0.230613842546908,0.0477060031956174
Session1,7,50,17,49.8,5.91144877600476,0.615923009623797
Session1,7,50,26,33.3076923076923,4.39431933026032,0.0323756302010569
Session1,7,50,33,22.7142857142857,3.2429083745582,0.130403968816442
Session1,7,50,7,22.3571428571429,1.31809316457424,0.129581913390408
Session1,7,50,22,21.4666666666667,3.64365051141988,0.0916666666666666
Session1,7,50,11,20.9333333333333,-0.405842012262676,0.217054263565891
Session1,7,50,23,19.1333333333333,0.366685732386083,0.0304054054054054
Session1,7,50,16,17.8666666666667,-0.457403291223155,0.0609756097560976
Session1,7,50,31,15.5862068965517,0.438276162043368,0.37838642453111
Session1,7,50,32,15.3333333333333,0.716810198699047,0.474285714285714
Session1,7,84,19,82.1052631578947,28.6938659076776,0.577350859453994
Session1,7,84,11,23.4,-0.161941290220678,0.217054263565891
Session1,7,84,23,14.8,-0.158218734813097,0.0304054054054054
Session1,7,84,33,11.8620689655172,0.940064822289448,0.130403968816442
Session1,7,84,22,11.1034482758621,1.16526770287342,0.0916666666666666
Session1,7,84,16,10.8,-1.07906465918869,0.0609756097560976
Session1,7,84,31,9.73333333333333,-0.275016256484289,0.37838642453111
Session1,7,84,28,7.86206896551724,-0.327137536032242,0.0294784580498866
Session1,7,84,18,7.37931034482759,0.102107722866149,0.0457343887423043
Session1,7,84,26,7.31034482758621,-0.423633282206102,0.0323756302010569
Session1,7,87,31,63.8620689655172,6.32167788595569,0.37838642453111
Session1,7,87,32,43,5.59509079749079,0.474285714285714
Session1,7,87,33,36.6666666666667,6.20360767303417,0.130403968816442
Session1,7,87,7,24.9333333333333,1.62424061686662,0.129581913390408
Session1,7,87,16,20.0666666666667,-0.263867204969734,0.0609756097560976
Session1,7,87,34,18.8965517241379,6.56566959630131,0.20704845814978
Session1,7,87,22,18.8275862068966,3.01250954775277,0.0916666666666666
Session1,7,87,8,17.4074074074074,3.62620030018044,0.35880227155395
Session1,7,87,23,17.2,0.132497585481833,0.0304054054054054
Session1,7,87,28,15.1333333333333,0.962754316741644,0.0294784580498866
Session1,7,18,26,40.4666666666667,5.7210546536157,0.0323756302010569
Session1,7,18,17,36.2,3.74807596349619,0.615923009623797
Session1,7,18,16,34.6,1.01464391028014,0.0609756097560976
Session1,7,18,25,31.1034482758621,10.9337536203859,0.146124523506989
Session1,7,18,31,28.8,2.04864726247423,0.37838642453111
Session1,7,18,33,28.2068965517241,4.40844199270603,0.130403968816442
Session1,7,18,22,27.1034482758621,4.99169723869493,0.0916666666666666
Session1,7,18,29,22.5,7.02059295579573,0.232876712328767
Session1,7,18,11,21.6,-0.339922898197271,0.217054263565891
Session1,7,18,23,18.9333333333333,0.342459372361505,0.0304054054054054
Session1,7,86,20,32.4,2.80266008246882,0.363253856942497
Session1,7,86,11,24.1333333333333,-0.0894302647487325,0.217054263565891
Session1,7,86,19,22,6.84193963988041,0.577350859453994
Session1,7,86,16,17.4666666666667,-0.492591670541959,0.0609756097560976
Session1,7,86,23,16.2,0.0113657853589458,0.0304054054054054
Session1,7,86,33,15.8620689655172,1.78886598635764,0.130403968816442
Session1,7,86,22,14,1.85798339470317,0.0916666666666666
Session1,7,86,26,13.2,0.667865746537949,0.0323756302010569
Session1,7,86,15,12.2758620689655,0.880284764434897,0.364852878793722
Session1,7,86,31,12.0666666666667,0.00934816017147387,0.37838642453111
Session1,7,122,17,246.266666666667,37.1637021018025,0.615923009623797
Session1,7,122,11,26.9333333333333,0.187430014325968,0.217054263565891
Session1,7,122,26,23.4,2.55817846727853,0.0323756302010569
Session1,7,122,25,23.1724137931034,7.72733736742139,0.146124523506989
Session1,7,122,15,21.7857142857143,2.67639770889224,0.364852878793722
Session1,7,122,22,20,3.29289447063624,0.0916666666666666
Session1,7,122,23,18.1333333333333,0.245553932263195,0.0304054054054054
Session1,7,122,33,16.8965517241379,2.00838352878907,0.130403968816442
Session1,7,122,20,15.1333333333333,0.270013503192737,0.363253856942497
Session1,7,122,28,14.2666666666667,0.809011278962398,0.0294784580498866
Session1,7,32,17,58.5333333333333,7.30067347423329,0.615923009623797
Session1,7,32,16,35.9333333333333,1.13193850800949,0.0609756097560976
Session1,7,32,7,32.3571428571429,2.5064658999051,0.129581913390408
Session1,7,32,26,32.2758620689655,4.20309562183777,0.0323756302010569
Session1,7,32,31,28.4,1.99989907676181,0.37838642453111
Session1,7,32,11,26.0666666666667,0.101735166040942,0.217054263565891
Session1,7,32,23,20.3333333333333,0.512043892533548,0.0304054054054054
Session1,7,32,33,15.0344827586207,1.6132519524125,0.130403968816442
Session1,7,32,6,13.7391304347826,5.27861068858034,0.0211667527103769
Session1,7,32,22,13.4666666666667,1.73043574350912,0.0916666666666666
Session1,7,16,17,40.2666666666667,4.39496685351101,0.615923009623797
Session1,7,16,26,37.9285714285714,5.25068272077035,0.0323756302010569
Session1,7,16,11,21.2666666666667,-0.372882455229973,0.217054263565891
Session1,7,16,7,18.8,0.895372005863684,0.129581913390408
Session1,7,16,22,18.1379310344828,2.84757724017425,0.0916666666666666
Session1,7,16,33,15.8571428571429,1.78782066472702,0.130403968816442
Session1,7,16,31,14.8,0.342460762539653,0.37838642453111
Session1,7,16,6,14.3333333333333,5.57185866752127,0.0211667527103769
Session1,7,16,16,13.2,-0.867934383275867,0.0609756097560976
Session1,7,16,20,13.0666666666667,-0.0331218016627023,0.363253856942497
Session1,7,114,15,46.8148148148148,7.40361012227409,0.364852878793722
Session1,7,114,17,42.7857142857143,4.79567561325086,0.615923009623797
Session1,7,114,16,40.6,1.5424696000622,0.0609756097560976
Session1,7,114,3,40.4,9.31238015745413,0.699126496279521
Session1,7,114,11,25.0666666666667,0.00285649494283425,0.217054263565891
Session1,7,114,4,18,15.0520807675894,0.30316742081448
Session1,7,114,23,17.4666666666667,0.164799398847937,0.0304054054054054
Session1,7,114,29,14,3.83558603055484,0.232876712328767
Session1,7,114,10,13.5833333333333,1.24552952200389,0.0561948385655235
Session1,7,114,22,13.0344827586207,1.62707816409325,0.0916666666666666
Session1,7,28,11,41.8666666666667,1.66401816939104,0.217054263565891
Session1,7,28,31,28.2666666666667,1.98364968152434,0.37838642453111
Session1,7,28,16,23.8666666666667,0.0704223985589034,0.0609756097560976
Session1,7,28,22,22.551724137931,3.90314400867674,0.0916666666666666
Session1,7,28,23,18.0666666666667,0.237478478921669,0.0304054054054054
Session1,7,28,34,12.4137931034483,3.72158175129265,0.20704845814978
Session1,7,28,20,12.4,-0.130907383874134,0.363253856942497
Session1,7,28,7,12.3448275862069,0.128256916022515,0.129581913390408
Session1,7,28,32,12.3333333333333,0.187840013287894,0.474285714285714
Session1,7,28,26,12.0689655172414,0.458257033758061,0.0323756302010569
Session1,5,18,16,45.6666666666667,1.98818907143371,0.101639344262295
Session1,5,18,26,36.9655172413793,5.07220491872999,0.0658182541260688
Session1,5,18,31,31.3333333333333,2.3573857719862,0.32761087267525
Session1,5,18,17,30.6206896551724,2.86056652875003,0.712636569779427
Session1,5,18,7,25.3333333333333,1.67177552627985,0.0535491905354919
Session1,5,18,22,22.9333333333333,3.99440655220352,0.142450480370063
Session1,5,18,11,21.6,-0.339922898197271,0.0402930402930403
Session1,5,18,23,17.8666666666667,0.213252118897092,0.012891344383057
Session1,5,18,33,17.6666666666667,2.17180214371025,0.380375782881002
Session1,5,18,20,16.6666666666667,0.49492034227903,0.101053936763794
Session1,5,28,16,25.1333333333333,0.181852266401782,0.101639344262295
Session1,5,28,11,22.6,-0.241044227099164,0.0402930402930403
Session1,5,28,31,20.5333333333333,1.04118475775095,0.32761087267525
Session1,5,28,7,17.5333333333333,0.744844792721774,0.0535491905354919
Session1,5,28,20,14.0666666666667,0.113556571654446,0.101053936763794
Session1,5,28,23,13.6666666666667,-0.295501441619036,0.012891344383057
Session1,5,28,26,12.2,0.482540969994755,0.0658182541260688
Session1,5,28,17,11.7931034482759,-0.134366421629469,0.712636569779427
Session1,5,28,36,11.5862068965517,0.813001958499509,0.121994657168299
Session1,5,28,28,10.8,0.194039127845414,0.128408170610996
Session1,5,114,15,61.4285714285714,10.1636905970147,0.643312101910828
Session1,5,114,16,56,2.89722220383615,0.101639344262295
Session1,5,114,3,26.7142857142857,5.67649534434913,0.47534516765286
Session1,5,114,11,23.6,-0.142165556001056,0.0402930402930403
Session1,5,114,17,23.2666666666667,1.6907508378753,0.712636569779427
Session1,5,114,23,18.3333333333333,0.269780292287773,0.012891344383057
Session1,5,114,20,15.8666666666667,0.377577643625312,0.101053936763794
Session1,5,114,4,15.1764705882353,12.4303681948317,0.352072415435922
Session1,5,114,10,13.8,1.28686211650148,0.0866141732283465
Session1,5,114,26,12.5,0.538138402957713,0.0658182541260688
Session1,5,122,17,276.933333333333,42.0418956986355,0.712636569779427
Session1,5,122,11,24.0666666666667,-0.0960221761552729,0.0402930402930403
Session1,5,122,23,16.5333333333333,0.051743052066575,0.012891344383057
Session1,5,122,33,16.5,1.92423513752369,0.380375782881002
Session1,5,122,26,16,1.18677512085889,0.0658182541260688
Session1,5,122,12,15.2666666666667,0.971462851259792,0.117073170731707
Session1,5,122,22,14.7407407407407,2.03513291025046,0.142450480370063
Session1,5,122,15,13.3333333333333,1.08000793394721,0.643312101910828
Session1,5,122,16,13,-0.885528572935269,0.101639344262295
Session1,5,122,20,12.7333333333333,-0.0820145927684183,0.101053936763794
Session1,5,50,17,36.7333333333333,3.83291411300633,0.712636569779427
Session1,5,50,26,26.3571428571429,3.10621030648483,0.0658182541260688
Session1,5,50,11,24.0666666666667,-0.0960221761552729,0.0402930402930403
Session1,5,50,22,17.2142857142857,2.62668575681017,0.142450480370063
Session1,5,50,33,17.1333333333333,2.05862865516782,0.380375782881002
Session1,5,50,6,14.32,5.56527846896942,0.140456182472989
Session1,5,50,16,14.2666666666667,-0.77409870509239,0.101639344262295
Session1,5,50,23,13.2,-0.352029615009717,0.012891344383057
Session1,5,50,20,13.0666666666667,-0.0331218016627022,0.101053936763794
Session1,5,50,5,12.8461538461538,6.10065080191696,0.131236698983211
Session1,5,86,11,20.8,-0.419025835075757,0.0402930402930403
Session1,5,86,20,20.4137931034483,1.04454275263984,0.101053936763794
Session1,5,86,19,19.5555555555556,5.9532351078762,0.502946954813359
Session1,5,86,16,15.1333333333333,-0.697857216568315,0.101639344262295
Session1,5,86,23,14.4666666666667,-0.198596001520726,0.012891344383057
Session1,5,86,22,12.6666666666667,1.53911426671805,0.142450480370063
Session1,5,86,33,11.9259259259259,0.953615287871635,0.380375782881002
Session1,5,86,31,11.2,-0.096272908872095,0.32761087267525
Session1,5,86,28,9.53333333333333,-0.0306622350627149,0.128408170610996
Session1,5,86,13,8,0.0963010746143226,0.00397275822928489
Session1,5,16,26,32.4,4.22610145616727,0.0658182541260688
Session1,5,16,11,22.2666666666667,-0.274003784131866,0.0402930402930403
Session1,5,16,17,16.0666666666667,0.545435819488418,0.712636569779427
Session1,5,16,22,14.0666666666667,1.87392685110243,0.142450480370063
Session1,5,16,23,13.7333333333333,-0.28742598827751,0.012891344383057
Session1,5,16,20,12.4666666666667,-0.121128825652991,0.101053936763794
Session1,5,16,5,12.375,5.82303521079495,0.131236698983211
Session1,5,16,33,10.9333333333333,0.74298685086212,0.380375782881002
Session1,5,16,6,9.9,3.38394264903269,0.140456182472989
Session1,5,16,28,9.79310344827586,0.0154198956244331,0.128408170610996
Session1,5,32,17,46.4666666666667,5.38121034156638,0.712636569779427
Session1,5,32,7,28.2,2.0124423770747,0.0535491905354919
Session1,5,32,26,28.0689655172414,3.42345345844916,0.0658182541260688
Session1,5,32,11,26.2,0.114918988854023,0.0402930402930403
Session1,5,32,16,20,-0.269731934856201,0.101639344262295
Session1,5,32,6,19,7.87492816066714,0.140456182472989
Session1,5,32,23,17.2,0.132497585481833,0.012891344383057
Session1,5,32,33,17.0666666666667,2.04448196910002,0.380375782881002
Session1,5,32,5,16.7272727272727,8.38750279557504,0.131236698983211
Session1,5,32,32,14.3448275862069,0.542513509253227,0.347639484978541
Session1,5,84,19,59.1304347826087,20.3411155943949,0.502946954813359
Session1,5,84,11,28.4,0.332452065269859,0.0402930402930403
Session1,5,84,16,16,-0.62161572804424,0.101639344262295
Session1,5,84,28,14.4137931034483,0.835110892802906,0.128408170610996
Session1,5,84,23,12.4,-0.448935055108027,0.012891344383057
Session1,5,84,33,11.9310344827586,0.95469932511821,0.380375782881002
Session1,5,84,26,9.93333333333333,0.0624714764968495,0.0658182541260688
Session1,5,84,31,8.8,-0.388762023146594,0.32761087267525
Session1,5,84,22,8.61538461538461,0.57024268553247,0.142450480370063
Session1,5,84,12,7.6,-0.357756569776463,0.117073170731707
Session1,5,87,31,61.8666666666667,6.07849728136732,0.32761087267525
Session1,5,87,33,39.3571428571429,6.77452750362765,0.380375782881002
Session1,5,87,32,31.4,3.549739413901,0.347639484978541
Session1,5,87,16,22.2,-0.0761958486027795,0.101639344262295
Session1,5,87,7,17.0344827586207,0.68556275052251,0.0535491905354919
Session1,5,87,20,14.8,0.221120712087021,0.101053936763794
Session1,5,87,23,13.4,-0.32780325498514,0.012891344383057
Session1,5,87,8,13.037037037037,2.30934807723905,0.174008050603795
Session1,5,87,34,11.7777777777778,3.44255185633317,0.215596330275229
Session1,5,87,22,11.2413793103448,1.19825416438912,0.142450480370063
Session1,4,50,17,37.1333333333333,3.89654272513894,0.766603813115441
Session1,4,50,11,24.9333333333333,-0.0103273278702467,0.0909090909090909
Session1,4,50,26,22.9655172413793,2.47765804712528,0.206245933636955
Session1,4,50,16,14.8666666666667,-0.721316136114184,0.21
Session1,4,50,22,14.6666666666667,2.01741795869574,0.03125
Session1,4,50,23,13.7333333333333,-0.28742598827751,0.0183299389002037
Session1,4,50,20,12.5333333333333,-0.111350267431848,0.0349650349650349
Session1,4,50,33,12,0.969333827946972,0.325936199722608
Session1,4,50,5,11.0588235294118,5.04751122455136,0.144781144781145
Session1,4,50,3,10.2222222222222,1.29504751227293,0.447191011235955
Session1,4,122,17,281.066666666667,42.6993913573391,0.766603813115441
Session1,4,122,11,25.9333333333333,0.0885513432278607,0.0909090909090909
Session1,4,122,12,17.8,1.41068318168916,0.225082844761662
Session1,4,122,23,15.9333333333333,-0.0209360280071576,0.0183299389002037
Session1,4,122,10,14.7333333333333,1.46491021587573,0.0554523746351817
Session1,4,122,16,14.6666666666667,-0.738910325773586,0.21
Session1,4,122,20,14.2758620689655,0.144241012969067,0.0349650349650349
Session1,4,122,33,13.4814814814815,1.28370462945371,0.325936199722608
Session1,4,122,22,12.5925925925926,1.52139931516332,0.03125
Session1,4,122,28,9.26666666666667,-0.0779677851486368,0.0762331838565023
Session1,4,32,17,34.2068965517241,3.43102994786994,0.766603813115441
Session1,4,32,7,28.9333333333333,2.09958971099896,0.0537790697674418
Session1,4,32,26,23.8,2.6323083778958,0.206245933636955
Session1,4,32,11,21.9333333333333,-0.306963341164569,0.0909090909090909
Session1,4,32,6,19.2307692307692,7.988816212526,0.377245508982036
Session1,4,32,5,15.4545454545455,7.6375801598169,0.144781144781145
Session1,4,32,23,14.4,-0.206671454862252,0.0183299389002037
Session1,4,32,16,13.4666666666667,-0.844475463729998,0.21
Session1,4,32,20,12.4,-0.130907383874134,0.0349650349650349
Session1,4,32,33,11.8666666666667,0.941040455811366,0.325936199722608
Session1,4,28,31,22.8666666666667,1.32554917440672,0.3875
Session1,4,28,7,22.6666666666667,1.35487613019162,0.0537790697674418
Session1,4,28,16,19.4,-0.322514503834407,0.21
Session1,4,28,11,18.9333333333333,-0.60359935445889,0.0909090909090909
Session1,4,28,20,15.3103448275862,0.295977261228186,0.0349650349650349
Session1,4,28,17,14.7333333333333,0.333340445713069,0.766603813115441
Session1,4,28,28,13.7333333333333,0.714400178790554,0.0762331838565023
Session1,4,28,26,12.0666666666667,0.457830999788996,0.206245933636955
Session1,4,28,36,11.7333333333333,0.841533912964821,0.209621993127148
Session1,4,28,23,11.7333333333333,-0.529689588523286,0.0183299389002037
Session1,4,87,31,51.8,4.85166794093817,0.3875
Session1,4,87,33,31.8666666666667,5.18504627615233,0.325936199722608
Session1,4,87,32,25.8,2.56232840113351,0.212445308701993
Session1,4,87,7,19.4,0.966674369983536,0.0537790697674418
Session1,4,87,16,18.4666666666667,-0.404620722244949,0.21
Session1,4,87,23,16.0666666666667,-0.00478512132410592,0.0183299389002037
Session1,4,87,11,14.5333333333333,-1.03866550729056,0.0909090909090909
Session1,4,87,20,13.5333333333333,0.0353281058853001,0.0349650349650349
Session1,4,87,28,12.3448275862069,0.468085073170754,0.0762331838565023
Session1,4,87,8,11.4,1.81608648186608,0.10828025477707
Session1,4,18,16,42.1333333333333,1.67735838745095,0.21
Session1,4,18,26,41.2,5.85695948974737,0.206245933636955
Session1,4,18,7,32.2222222222222,2.49043229950778,0.0537790697674418
Session1,4,18,31,21.6,1.17117991965073,0.3875
Session1,4,18,11,20.4666666666667,-0.451985392108459,0.0909090909090909
Session1,4,18,32,16.7586206896552,0.968121704411626,0.212445308701993
Session1,4,18,23,16.6666666666667,0.0678939587496267,0.0183299389002037
Session1,4,18,33,16.2,1.86057505021857,0.325936199722608
Session1,4,18,17,16.0689655172414,0.545801501167341,0.766603813115441
Session1,4,18,22,13.7777777777778,1.80483854003899,0.03125
Session1,4,114,15,68.1379310344828,11.4308782843242,0.802481148139139
Session1,4,114,16,64.5333333333333,3.64790762930396,0.21
Session1,4,114,3,28,6.01807116186421,0.447191011235955
Session1,4,114,11,22.2666666666667,-0.274003784131866,0.0909090909090909
Session1,4,114,17,20.9333333333333,1.31958393376844,0.766603813115441
Session1,4,114,23,15,-0.133992374788519,0.0183299389002037
Session1,4,114,10,13.1851851851852,1.16957646373908,0.0554523746351817
Session1,4,114,26,12.2222222222222,0.486659298362382,0.206245933636955
Session1,4,114,20,12.0666666666667,-0.17980017497985,0.0349650349650349
Session1,4,114,12,11.2592592592593,0.276672796399296,0.225082844761662
Session1,4,16,26,27.1111111111111,3.24593930467216,0.206245933636955
Session1,4,16,11,26,0.0951432546344011,0.0909090909090909
Session1,4,16,28,16,1.11649735452089,0.0762331838565023
Session1,4,16,23,13.0666666666667,-0.368180521692769,0.0183299389002037
Session1,4,16,20,12.1333333333333,-0.170021616758707,0.0349650349650349
Session1,4,16,22,10.2,0.949206379945562,0.03125
Session1,4,16,33,9.06666666666667,0.34687964096363,0.325936199722608
Session1,4,16,31,8.62068965517241,-0.410614658121125,0.3875
Session1,4,16,13,8.20689655172414,0.132195013818857,0.00235663786331503
Session1,4,16,12,6.55172413793103,-0.53950291340241,0.225082844761662
Session1,4,86,11,24.6666666666667,-0.0366949734964086,0.0909090909090909
Session1,4,86,16,19.4666666666667,-0.316649773947939,0.21
Session1,4,86,20,13.3333333333333,0.00599243122187039,0.0349650349650349
Session1,4,86,23,13,-0.376255975034295,0.0183299389002037
Session1,4,86,31,12.6,0.0743457411213624,0.3875
Session1,4,86,19,11.7647058823529,3.12078643902857,0.586155003762227
Session1,4,86,28,11,0.229518290409855,0.0762331838565023
Session1,4,86,22,10.1428571428571,0.935540560174771,0.03125
Session1,4,86,33,10.1379310344828,0.574202251570399,0.325936199722608
Session1,4,86,17,9.53333333333333,-0.493831512010794,0.766603813115441
Session1,4,84,19,45.0909090909091,15.236892367821,0.586155003762227
Session1,4,84,11,31.2,0.609312344344559,0.0909090909090909
Session1,4,84,16,15.6,-0.656804107363044,0.21
Session1,4,84,23,13.6666666666667,-0.295501441619036,0.0183299389002037
Session1,4,84,28,13.3333333333333,0.643441853661671,0.0762331838565023
Session1,4,84,22,9.86666666666667,0.869489097949281,0.03125
Session1,4,84,26,9.31034482758621,-0.0529837291197149,0.206245933636955
Session1,4,84,17,8.75862068965517,-0.61706623780785,0.766603813115441
Session1,4,84,7,8.41379310344828,-0.338896504073068,0.0537790697674418
Session1,4,84,33,8,0.120532663878779,0.325936199722608
Session1,3,18,11,24.7333333333333,-0.030103062089868,0.0837209302325582
Session1,3,18,26,22.9333333333333,2.47169357155837,0.135313531353135
Session1,3,18,16,22.2666666666667,-0.0703311187163122,0.517811704834606
Session1,3,18,7,20.6,1.10927909822324,0.00161550888529886
Session1,3,18,32,17.1034482758621,1.02892287514854,0.203852327447833
Session1,3,18,20,15.0666666666667,0.260234944971594,0.0195227765726681
Session1,3,18,23,13.8666666666667,-0.271275081594459,0.0700389105058365
Session1,3,18,33,12.2,1.01177388615038,0.258680555555556
Session1,3,18,17,11.3793103448276,-0.200189123835612,0.814092265320174
Session1,3,18,5,10.4,4.65931597780597,0.0258697591436218
Session1,3,87,31,36.9333333333333,3.03986037196003,0.183760683760684
Session1,3,87,32,25.8620689655172,2.57327261186616,0.203852327447833
Session1,3,87,33,20.7142857142857,2.81850779252411,0.258680555555556
Session1,3,87,16,18.7333333333333,-0.38116180269908,0.517811704834606
Session1,3,87,23,18.3333333333333,0.269780292287773,0.0700389105058365
Session1,3,87,11,15.2,-0.972746393225158,0.0837209302325582
Session1,3,87,7,14.9655172413793,0.439692529419571,0.00161550888529886
Session1,3,87,20,13.9333333333333,0.0939994552121592,0.0195227765726681
Session1,3,87,22,12.8571428571429,1.58466699928735,0.181304893350063
Session1,3,87,28,10.8,0.194039127845414,0.14723712633266
Session1,3,86,11,23.8,-0.122389821781435,0.0837209302325582
Session1,3,86,16,21.6,-0.128978417580985,0.517811704834606
Session1,3,86,23,14.1333333333333,-0.238973268228355,0.0700389105058365
Session1,3,86,28,14,0.761705728876476,0.14723712633266
Session1,3,86,17,13.2,0.0894307658714167,0.814092265320174
Session1,3,86,31,12.9333333333333,0.114969229215043,0.183760683760684
Session1,3,86,32,12.6666666666667,0.246614478333578,0.203852327447833
Session1,3,86,19,10.8571428571429,2.79083196801708,0.541917808219178
Session1,3,86,26,10,0.074826461599729,0.135313531353135
Session1,3,86,12,9.66666666666667,0.000554752415918813,0.275
Session1,3,122,17,263.466666666667,39.8997324235045,0.814092265320174
Session1,3,122,11,26.2666666666667,0.121510900260563,0.0837209302325582
Session1,3,122,16,25.2666666666667,0.193581726174717,0.517811704834606
Session1,3,122,12,17,1.27198202471147,0.275
Session1,3,122,10,12.9230769230769,1.11957516599052,0.0582677165354331
Session1,3,122,20,12.4666666666667,-0.121128825652991,0.0195227765726681
Session1,3,122,23,11.6,-0.545840495206337,0.0700389105058365
Session1,3,122,33,9.8,0.502493187709466,0.258680555555556
Session1,3,122,22,9.13333333333333,0.694111077557462,0.181304893350063
Session1,3,122,28,9.06666666666667,-0.113446947713078,0.14723712633266
Session1,3,28,31,25.4666666666667,1.64241238153742,0.183760683760684
Session1,3,28,16,22.8666666666667,-0.0175485497381064,0.517811704834606
Session1,3,28,7,20.6666666666667,1.11720158312545,0.00161550888529886
Session1,3,28,11,17.8666666666667,-0.709069936963538,0.0837209302325582
Session1,3,28,23,15.7333333333333,-0.0451623880317351,0.0700389105058365
Session1,3,28,20,14.7333333333333,0.211342153865878,0.0195227765726681
Session1,3,28,17,12.2666666666667,-0.0590359957713276,0.814092265320174
Session1,3,28,28,11.6666666666667,0.34778216562466,0.14723712633266
Session1,3,28,32,9.58620689655172,-0.296542646916188,0.203852327447833
Session1,3,28,22,8.20689655172414,0.472552011043658,0.181304893350063
Session1,3,114,16,79.5333333333333,4.96747185375911,0.517811704834606
Session1,3,114,15,72.3333333333333,12.2232582503241,0.802377201775741
Session1,3,114,3,25.6428571428571,5.39184882975323,0.435521492835721
Session1,3,114,11,23.5333333333333,-0.148757467407597,0.0837209302325582
Session1,3,114,17,18.4666666666667,0.927207492284047,0.814092265320174
Session1,3,114,23,15.9333333333333,-0.0209360280071575,0.0700389105058365
Session1,3,114,26,15.1333333333333,1.02616031452146,0.135313531353135
Session1,3,114,20,13.6666666666667,0.0548852223275865,0.0195227765726681
Session1,3,114,10,11.5,0.848100728757803,0.0582677165354331
Session1,3,114,12,8.73333333333333,-0.16126326405806,0.275
Session1,3,16,11,25.1333333333333,0.00944840634937486,0.0837209302325582
Session1,3,16,28,20.2758620689655,1.87501738176067,0.14723712633266
Session1,3,16,26,17.4666666666667,1.45858479312224,0.135313531353135
Session1,3,16,20,15.6666666666667,0.348241968961882,0.0195227765726681
Session1,3,16,23,12.5333333333333,-0.432784148424976,0.0700389105058365
Session1,3,16,33,10.3333333333333,0.615666676251892,0.258680555555556
Session1,3,16,22,9,0.662224164758949,0.181304893350063
Session1,3,16,18,8.13333333333333,0.254198891083992,0.00365630712979885
Session1,3,16,32,7.93333333333333,-0.58798292531513,0.203852327447833
Session1,3,16,17,7.72413793103448,-0.781622993323207,0.814092265320174
Session1,3,32,17,27,2.28461788444628,0.814092265320174
Session1,3,32,11,24.3333333333333,-0.069654530529111,0.0837209302325582
Session1,3,32,26,15.8666666666667,1.16206515065313,0.135313531353135
Session1,3,32,20,14.2,0.133113688096732,0.0195227765726681
Session1,3,32,23,13.8666666666667,-0.271275081594459,0.0700389105058365
Session1,3,32,7,13.6551724137931,0.283974722721043,0.00161550888529886
Session1,3,32,32,11.2666666666667,-0.000238274858293378,0.203852327447833
Session1,3,32,5,10.952380952381,4.98479260475407,0.0258697591436218
Session1,3,32,8,10.8666666666667,1.65538587160883,0.101883148237566
Session1,3,32,31,10.3333333333333,-0.201893977915664,0.183760683760684
Session1,3,50,11,22.7333333333333,-0.227860404286083,0.0837209302325582
Session1,3,50,22,18.551724137931,2.94653662472136,0.181304893350063
Session1,3,50,26,14.8275862068966,0.969497796635836,0.135313531353135
Session1,3,50,17,14.5,0.296223755302382,0.814092265320174
Session1,3,50,23,14.4,-0.206671454862252,0.0700389105058365
Session1,3,50,20,13.0666666666667,-0.0331218016627023,0.0195227765726681
Session1,3,50,33,11.5333333333333,0.87030702547235,0.258680555555556
Session1,3,50,28,10.8275862068966,0.198932805440509,0.14723712633266
Session1,3,50,36,8.15384615384615,0.147370665023926,0.0945698596705309
Session1,3,50,13,7.5,0.00955738820336321,0.00418410041841003
Session1,3,84,19,36.5454545454545,12.1300988385831,0.541917808219178
Session1,3,84,11,31.0666666666667,0.596128521531478,0.0837209302325582
Session1,3,84,16,18.3333333333333,-0.416350182017884,0.517811704834606
Session1,3,84,28,15.0714285714286,0.951772671185984,0.14723712633266
Session1,3,84,23,12.9333333333333,-0.384331428375821,0.0700389105058365
Session1,3,84,17,11.1428571428571,-0.237802096524836,0.814092265320174
Session1,3,84,31,9.4,-0.315639744577969,0.183760683760684
Session1,3,84,22,9.37931034482759,0.752936933927131,0.181304893350063
Session1,3,84,7,9.35714285714286,-0.226791391355895,0.00161550888529886
Session1,3,84,26,8.28571428571429,-0.24287315533146,0.135313531353135
