Row,ch_16,ch_50,ch_32,ch_18,ch_84,ch_86,ch_96,ch_122,ch_114,ch_87,ch_28
ch_16,1,0.523202678563256,0.531505439731255,0.193847342000257,0.55035716698043,0.495269966917842,0.516573342126792,0.383551065856333,0.70776755407516,0.100006435627641,0.518694897785578
ch_50,0.523202678563256,1,0.976699279093718,0.0862457361637057,0.89162055057063,0.893036434222467,0.896240988671473,0.38808083729904,0.822242251630603,0.513193465443208,0.948255896644122
ch_32,0.531505439731255,0.976699279093718,1,0.114693956599794,0.923671007780401,0.91453212239127,0.91323377960865,0.404685291034223,0.822242251630603,0.518728283354935,0.958038365511361
ch_18,0.193847342000257,0.0862457361637057,0.114693956599794,1,0.12265911602721,0.159469721676509,0.123575980174862,0.243773731118086,0.08250209168252,0.175172147862574,0.11287727676376
ch_84,0.55035716698043,0.89162055057063,0.923671007780401,0.12265911602721,1,0.96988416988417,0.976573569680868,0.367824967824968,0.774259974259974,0.540540540540541,0.92046332046332
ch_86,0.495269966917842,0.893036434222467,0.91453212239127,0.159469721676509,0.96988416988417,1,0.959196815771955,0.363963963963964,0.76036036036036,0.61003861003861,0.917117117117117
ch_96,0.516573342126792,0.896240988671473,0.91323377960865,0.123575980174862,0.976573569680868,0.959196815771955,1,0.362080064783482,0.790449227812074,0.528639468917797,0.920581807085484
ch_122,0.383551065856333,0.38808083729904,0.404685291034223,0.243773731118086,0.367824967824968,0.363963963963964,0.362080064783482,1,0.355469755469756,0.316602316602317,0.445045045045045
ch_114,0.70776755407516,0.822242251630603,0.822242251630603,0.08250209168252,0.774259974259974,0.76036036036036,0.790449227812074,0.355469755469756,1,0.32998712998713,0.835263835263835
ch_87,0.100006435627641,0.513193465443208,0.518728283354935,0.175172147862574,0.540540540540541,0.61003861003861,0.528639468917797,0.316602316602317,0.32998712998713,1,0.57992277992278
ch_28,0.518694897785578,0.948255896644122,0.958038365511361,0.11287727676376,0.92046332046332,0.917117117117117,0.920581807085484,0.445045045045045,0.835263835263835,0.57992277992278,1
