Row,ch_16,ch_50,ch_32,ch_18,ch_84,ch_86,ch_122,ch_114,ch_87,ch_28
ch_16,1,0.576833976833977,0.617245817245817,0.544916344916345,0.375546975546976,0.368082368082368,0.554182754182754,0.612097812097812,0.122779922779923,0.494208494208494
ch_50,0.576833976833977,1,0.957786357786358,0.569111969111969,0.644787644787645,0.705534105534106,0.527670527670528,0.553410553410553,0.562676962676963,0.838610038610039
ch_32,0.617245817245817,0.957786357786358,1,0.590733590733591,0.594079794079794,0.626254826254827,0.495752895752896,0.535649935649936,0.485971685971686,0.808236808236809
ch_18,0.544916344916345,0.569111969111969,0.590733590733591,1,0.473616473616474,0.495752895752896,0.657915057915058,0.439124839124839,0.291377091377091,0.440669240669241
ch_84,0.375546975546976,0.644787644787645,0.594079794079794,0.473616473616474,1,0.921750321750322,0.432432432432433,0.496782496782497,0.514285714285714,0.781724581724582
ch_86,0.368082368082368,0.705534105534106,0.626254826254827,0.495752895752896,0.921750321750322,1,0.488030888030888,0.548777348777349,0.601544401544402,0.807464607464608
ch_122,0.554182754182754,0.527670527670528,0.495752895752896,0.657915057915058,0.432432432432433,0.488030888030888,1,0.595366795366795,0.209009009009009,0.458944658944659
ch_114,0.612097812097812,0.553410553410553,0.535649935649936,0.439124839124839,0.496782496782497,0.548777348777349,0.595366795366795,1,0.114285714285714,0.564221364221364
ch_87,0.122779922779923,0.562676962676963,0.485971685971686,0.291377091377091,0.514285714285714,0.601544401544402,0.209009009009009,0.114285714285714,1,0.640926640926641
ch_28,0.494208494208494,0.838610038610039,0.808236808236809,0.440669240669241,0.781724581724582,0.807464607464608,0.458944658944659,0.564221364221364,0.640926640926641,1
